CATEGORY,FILE NAME
commercial,I/I56 Food and beverage service activities/U276.csv
commercial,I/I56 Food and beverage service activities/U277.csv
commercial,I/I56 Food and beverage service activities/U279.csv
commercial,I/I56 Food and beverage service activities/U278.csv
commercial,I/I55 Accommodation/U275.csv
commercial,I/I55 Accommodation/U274.csv
commercial,"N/N82 Office administrative, office support and other business support activities/U357.csv"
commercial,"N/N82 Office administrative, office support and other business support activities/U356.csv"
commercial,"N/N82 Office administrative, office support and other business support activities/U355.csv"
commercial,N/N80 Security and investigation activities/U354.csv
commercial,G/G45 Wholesale and retail trade and repair of motor vehicles and motorcycles/U267.csv
commercial,G/G45 Wholesale and retail trade and repair of motor vehicles and motorcycles/U266.csv
commercial,G/G45 Wholesale and retail trade and repair of motor vehicles and motorcycles/U264.csv
commercial,G/G45 Wholesale and retail trade and repair of motor vehicles and motorcycles/U270.csv
commercial,G/G45 Wholesale and retail trade and repair of motor vehicles and motorcycles/U265.csv
commercial,G/G45 Wholesale and retail trade and repair of motor vehicles and motorcycles/U268.csv
commercial,G/G45 Wholesale and retail trade and repair of motor vehicles and motorcycles/U269.csv
commercial,S/S96 Other personal service activities/U386.csv
commercial,S/S96 Other personal service activities/U385.csv
industrial,"A/A01 Crop and animal production, hunting and related service activities/U4.csv"
industrial,"A/A01 Crop and animal production, hunting and related service activities/U1.csv"
industrial,"A/A01 Crop and animal production, hunting and related service activities/U2.csv"
industrial,"A/A01 Crop and animal production, hunting and related service activities/U3.csv"
industrial,A/A02 Forestry and logging/U8.csv
industrial,A/A02 Forestry and logging/U9.csv
industrial,A/A02 Forestry and logging/U10.csv
industrial,A/A02 Forestry and logging/U7.csv
industrial,A/A02 Forestry and logging/U6.csv
industrial,A/A02 Forestry and logging/U5.csv
industrial,F/F43 Specialized construction activities/U263.csv
industrial,F/F42 Civil engineering/U261.csv
industrial,F/F42 Civil engineering/U262.csv
industrial,F/F41 Construction of buildings/U260.csv
commercial,O/O84 Public administration and defence; compulsory social security/U362.csv
commercial,O/O84 Public administration and defence; compulsory social security/U363.csv
commercial,O/O84 Public administration and defence; compulsory social security/U361.csv
commercial,O/O84 Public administration and defence; compulsory social security/U374.csv
commercial,O/O84 Public administration and defence; compulsory social security/U360.csv
commercial,O/O84 Public administration and defence; compulsory social security/U364.csv
commercial,O/O84 Public administration and defence; compulsory social security/U370.csv
commercial,O/O84 Public administration and defence; compulsory social security/U358.csv
commercial,O/O84 Public administration and defence; compulsory social security/U359.csv
commercial,O/O84 Public administration and defence; compulsory social security/U371.csv
commercial,O/O84 Public administration and defence; compulsory social security/U365.csv
commercial,O/O84 Public administration and defence; compulsory social security/U373.csv
commercial,O/O84 Public administration and defence; compulsory social security/U367.csv
commercial,O/O84 Public administration and defence; compulsory social security/U366.csv
commercial,O/O84 Public administration and defence; compulsory social security/U372.csv
commercial,O/O84 Public administration and defence; compulsory social security/U368.csv
commercial,O/O84 Public administration and defence; compulsory social security/U369.csv
commercial,H/H53 Postal and courier activities/U273.csv
commercial,H/H53 Postal and courier activities/U272.csv
commercial,H/H52 Warehousing and support activities for transportation/U271.csv
commercial,M/M71 Architectural and engineering activities; technical testing and analysis/U353.csv
commercial,"J/J62 Computer programming, consultancy and related activities/U280.csv"
industrial,C/C27 Manufacture of electrical equipment/U213.csv
industrial,C/C33 Repair and installation of machinery and equipment/U255.csv
industrial,C/C13 Manufacture of textiles/U41.csv
industrial,C/C13 Manufacture of textiles/U40.csv
industrial,C/C13 Manufacture of textiles/U42.csv
industrial,C/C13 Manufacture of textiles/U36.csv
industrial,C/C13 Manufacture of textiles/U22.csv
industrial,C/C13 Manufacture of textiles/U23.csv
industrial,C/C13 Manufacture of textiles/U37.csv
industrial,C/C13 Manufacture of textiles/U21.csv
industrial,C/C13 Manufacture of textiles/U35.csv
industrial,C/C13 Manufacture of textiles/U34.csv
industrial,C/C13 Manufacture of textiles/U24.csv
industrial,C/C13 Manufacture of textiles/U30.csv
industrial,C/C13 Manufacture of textiles/U31.csv
industrial,C/C13 Manufacture of textiles/U25.csv
industrial,C/C13 Manufacture of textiles/U33.csv
industrial,C/C13 Manufacture of textiles/U27.csv
industrial,C/C13 Manufacture of textiles/U26.csv
industrial,C/C13 Manufacture of textiles/U32.csv
industrial,C/C13 Manufacture of textiles/U28.csv
industrial,C/C13 Manufacture of textiles/U29.csv
industrial,C/C13 Manufacture of textiles/U39.csv
industrial,C/C13 Manufacture of textiles/U38.csv
industrial,C/C17 Manufacture of paper and paper products/U55.csv
industrial,C/C17 Manufacture of paper and paper products/U54.csv
industrial,C/C17 Manufacture of paper and paper products/U56.csv
industrial,C/C17 Manufacture of paper and paper products/U57.csv
industrial,C/C17 Manufacture of paper and paper products/U60.csv
industrial,C/C17 Manufacture of paper and paper products/U61.csv
industrial,C/C17 Manufacture of paper and paper products/U59.csv
industrial,C/C17 Manufacture of paper and paper products/U58.csv
industrial,"C/C21 Manufacture of pharmaceuticals, medicinal chemical and botanical products/U68.csv"
industrial,"C/C29 Manufacture of motor vehicles, trailers and semi-trailers/U229.csv"
industrial,"C/C29 Manufacture of motor vehicles, trailers and semi-trailers/U228.csv"
industrial,"C/C29 Manufacture of motor vehicles, trailers and semi-trailers/U230.csv"
industrial,"C/C29 Manufacture of motor vehicles, trailers and semi-trailers/U226.csv"
industrial,"C/C29 Manufacture of motor vehicles, trailers and semi-trailers/U227.csv"
industrial,C/C14 Manufacture of wearing apparel/U43.csv
industrial,C/C14 Manufacture of wearing apparel/U47.csv
industrial,C/C14 Manufacture of wearing apparel/U46.csv
industrial,C/C14 Manufacture of wearing apparel/U44.csv
industrial,C/C14 Manufacture of wearing apparel/U45.csv
industrial,C/C14 Manufacture of wearing apparel/U48.csv
industrial,C/C14 Manufacture of wearing apparel/U49.csv
industrial,C/C10 Manufacture of food products/U18.csv
industrial,C/C10 Manufacture of food products/U17.csv
industrial,C/C10 Manufacture of food products/U16.csv
industrial,C/C10 Manufacture of food products/U14.csv
industrial,C/C10 Manufacture of food products/U15.csv
industrial,C/C10 Manufacture of food products/U11.csv
industrial,C/C10 Manufacture of food products/U12.csv
industrial,C/C10 Manufacture of food products/U13.csv
industrial,C/C23 Manufacture of other non-metallic mineral products/U117.csv
industrial,C/C23 Manufacture of other non-metallic mineral products/U103.csv
industrial,C/C23 Manufacture of other non-metallic mineral products/U102.csv
industrial,C/C23 Manufacture of other non-metallic mineral products/U116.csv
industrial,C/C23 Manufacture of other non-metallic mineral products/U128.csv
industrial,C/C23 Manufacture of other non-metallic mineral products/U100.csv
industrial,C/C23 Manufacture of other non-metallic mineral products/U114.csv
industrial,C/C23 Manufacture of other non-metallic mineral products/U115.csv
industrial,C/C23 Manufacture of other non-metallic mineral products/U101.csv
industrial,C/C23 Manufacture of other non-metallic mineral products/U129.csv
industrial,C/C23 Manufacture of other non-metallic mineral products/U105.csv
industrial,C/C23 Manufacture of other non-metallic mineral products/U111.csv
industrial,C/C23 Manufacture of other non-metallic mineral products/U110.csv
industrial,C/C23 Manufacture of other non-metallic mineral products/U104.csv
industrial,C/C23 Manufacture of other non-metallic mineral products/U112.csv
industrial,C/C23 Manufacture of other non-metallic mineral products/U106.csv
industrial,C/C23 Manufacture of other non-metallic mineral products/U107.csv
industrial,C/C23 Manufacture of other non-metallic mineral products/U113.csv
industrial,C/C23 Manufacture of other non-metallic mineral products/U122.csv
industrial,C/C23 Manufacture of other non-metallic mineral products/U123.csv
industrial,C/C23 Manufacture of other non-metallic mineral products/U109.csv
industrial,C/C23 Manufacture of other non-metallic mineral products/U121.csv
industrial,C/C23 Manufacture of other non-metallic mineral products/U120.csv
industrial,C/C23 Manufacture of other non-metallic mineral products/U108.csv
industrial,C/C23 Manufacture of other non-metallic mineral products/U124.csv
industrial,C/C23 Manufacture of other non-metallic mineral products/U130.csv
industrial,C/C23 Manufacture of other non-metallic mineral products/U118.csv
industrial,C/C23 Manufacture of other non-metallic mineral products/U119.csv
industrial,C/C23 Manufacture of other non-metallic mineral products/U131.csv
industrial,C/C23 Manufacture of other non-metallic mineral products/U125.csv
industrial,C/C23 Manufacture of other non-metallic mineral products/U133.csv
industrial,C/C23 Manufacture of other non-metallic mineral products/U127.csv
industrial,C/C23 Manufacture of other non-metallic mineral products/U126.csv
industrial,C/C23 Manufacture of other non-metallic mineral products/U132.csv
industrial,"C/C26 Manufacture of computer, electronic and optical products/U202.csv"
industrial,"C/C26 Manufacture of computer, electronic and optical products/U203.csv"
industrial,"C/C26 Manufacture of computer, electronic and optical products/U210.csv"
industrial,"C/C26 Manufacture of computer, electronic and optical products/U204.csv"
industrial,"C/C26 Manufacture of computer, electronic and optical products/U205.csv"
industrial,"C/C26 Manufacture of computer, electronic and optical products/U211.csv"
industrial,"C/C26 Manufacture of computer, electronic and optical products/U207.csv"
industrial,"C/C26 Manufacture of computer, electronic and optical products/U212.csv"
industrial,"C/C26 Manufacture of computer, electronic and optical products/U206.csv"
industrial,"C/C26 Manufacture of computer, electronic and optical products/U208.csv"
industrial,"C/C26 Manufacture of computer, electronic and optical products/U209.csv"
industrial,C/C28 Manufacture of machinery and equipment n.e.c/U216.csv
industrial,C/C28 Manufacture of machinery and equipment n.e.c/U217.csv
industrial,C/C28 Manufacture of machinery and equipment n.e.c/U215.csv
industrial,C/C28 Manufacture of machinery and equipment n.e.c/U214.csv
industrial,C/C28 Manufacture of machinery and equipment n.e.c/U223.csv
industrial,C/C28 Manufacture of machinery and equipment n.e.c/U222.csv
industrial,C/C28 Manufacture of machinery and equipment n.e.c/U220.csv
industrial,C/C28 Manufacture of machinery and equipment n.e.c/U221.csv
industrial,C/C28 Manufacture of machinery and equipment n.e.c/U225.csv
industrial,C/C28 Manufacture of machinery and equipment n.e.c/U219.csv
industrial,C/C28 Manufacture of machinery and equipment n.e.c/U218.csv
industrial,C/C28 Manufacture of machinery and equipment n.e.c/U224.csv
industrial,C/C31 Manufacture of furniture/U238.csv
industrial,C/C31 Manufacture of furniture/U239.csv
industrial,C/C31 Manufacture of furniture/U248.csv
industrial,C/C31 Manufacture of furniture/U240.csv
industrial,C/C31 Manufacture of furniture/U241.csv
industrial,C/C31 Manufacture of furniture/U243.csv
industrial,C/C31 Manufacture of furniture/U242.csv
industrial,C/C31 Manufacture of furniture/U246.csv
industrial,C/C31 Manufacture of furniture/U247.csv
industrial,C/C31 Manufacture of furniture/U245.csv
industrial,C/C31 Manufacture of furniture/U244.csv
industrial,C/C31 Manufacture of furniture/U237.csv
industrial,C/C31 Manufacture of furniture/U236.csv
industrial,C/C31 Manufacture of furniture/U234.csv
industrial,C/C31 Manufacture of furniture/U235.csv
industrial,C/C31 Manufacture of furniture/U231.csv
industrial,C/C31 Manufacture of furniture/U232.csv
industrial,C/C31 Manufacture of furniture/U233.csv
industrial,C/C11 Manufacture of beverages/U20.csv
industrial,C/C11 Manufacture of beverages/U19.csv
industrial,C/C15 Manufacture of leather and related products/U50.csv
industrial,C/C15 Manufacture of leather and related products/U51.csv
industrial,C/C24 Manufacture of basic metals/U148.csv
industrial,C/C24 Manufacture of basic metals/U149.csv
industrial,C/C24 Manufacture of basic metals/U139.csv
industrial,C/C24 Manufacture of basic metals/U138.csv
industrial,C/C24 Manufacture of basic metals/U136.csv
industrial,C/C24 Manufacture of basic metals/U137.csv
industrial,C/C24 Manufacture of basic metals/U135.csv
industrial,C/C24 Manufacture of basic metals/U134.csv
industrial,C/C24 Manufacture of basic metals/U155.csv
industrial,C/C24 Manufacture of basic metals/U141.csv
industrial,C/C24 Manufacture of basic metals/U140.csv
industrial,C/C24 Manufacture of basic metals/U154.csv
industrial,C/C24 Manufacture of basic metals/U142.csv
industrial,C/C24 Manufacture of basic metals/U156.csv
industrial,C/C24 Manufacture of basic metals/U143.csv
industrial,C/C24 Manufacture of basic metals/U147.csv
industrial,C/C24 Manufacture of basic metals/U153.csv
industrial,C/C24 Manufacture of basic metals/U152.csv
industrial,C/C24 Manufacture of basic metals/U146.csv
industrial,C/C24 Manufacture of basic metals/U150.csv
industrial,C/C24 Manufacture of basic metals/U144.csv
industrial,C/C24 Manufacture of basic metals/U145.csv
industrial,C/C24 Manufacture of basic metals/U151.csv
industrial,"C/C16 Manufacture of wood and of products of wood and cork, except furniture; manufacture of articles of straw and plaiting materials/U53.csv"
industrial,"C/C16 Manufacture of wood and of products of wood and cork, except furniture; manufacture of articles of straw and plaiting materials/U52.csv"
industrial,"C/C25 Manufacture of fabricated metal products, except machinery and equipment/U174.csv"
industrial,"C/C25 Manufacture of fabricated metal products, except machinery and equipment/U160.csv"
industrial,"C/C25 Manufacture of fabricated metal products, except machinery and equipment/U161.csv"
industrial,"C/C25 Manufacture of fabricated metal products, except machinery and equipment/U175.csv"
industrial,"C/C25 Manufacture of fabricated metal products, except machinery and equipment/U188.csv"
industrial,"C/C25 Manufacture of fabricated metal products, except machinery and equipment/U163.csv"
industrial,"C/C25 Manufacture of fabricated metal products, except machinery and equipment/U177.csv"
industrial,"C/C25 Manufacture of fabricated metal products, except machinery and equipment/U201.csv"
industrial,"C/C25 Manufacture of fabricated metal products, except machinery and equipment/U200.csv"
industrial,"C/C25 Manufacture of fabricated metal products, except machinery and equipment/U176.csv"
industrial,"C/C25 Manufacture of fabricated metal products, except machinery and equipment/U162.csv"
industrial,"C/C25 Manufacture of fabricated metal products, except machinery and equipment/U189.csv"
industrial,"C/C25 Manufacture of fabricated metal products, except machinery and equipment/U199.csv"
industrial,"C/C25 Manufacture of fabricated metal products, except machinery and equipment/U166.csv"
industrial,"C/C25 Manufacture of fabricated metal products, except machinery and equipment/U172.csv"
industrial,"C/C25 Manufacture of fabricated metal products, except machinery and equipment/U173.csv"
industrial,"C/C25 Manufacture of fabricated metal products, except machinery and equipment/U167.csv"
industrial,"C/C25 Manufacture of fabricated metal products, except machinery and equipment/U198.csv"
industrial,"C/C25 Manufacture of fabricated metal products, except machinery and equipment/U171.csv"
industrial,"C/C25 Manufacture of fabricated metal products, except machinery and equipment/U165.csv"
industrial,"C/C25 Manufacture of fabricated metal products, except machinery and equipment/U159.csv"
industrial,"C/C25 Manufacture of fabricated metal products, except machinery and equipment/U158.csv"
industrial,"C/C25 Manufacture of fabricated metal products, except machinery and equipment/U164.csv"
industrial,"C/C25 Manufacture of fabricated metal products, except machinery and equipment/U170.csv"
industrial,"C/C25 Manufacture of fabricated metal products, except machinery and equipment/U196.csv"
industrial,"C/C25 Manufacture of fabricated metal products, except machinery and equipment/U182.csv"
industrial,"C/C25 Manufacture of fabricated metal products, except machinery and equipment/U169.csv"
industrial,"C/C25 Manufacture of fabricated metal products, except machinery and equipment/U168.csv"
industrial,"C/C25 Manufacture of fabricated metal products, except machinery and equipment/U183.csv"
industrial,"C/C25 Manufacture of fabricated metal products, except machinery and equipment/U197.csv"
industrial,"C/C25 Manufacture of fabricated metal products, except machinery and equipment/U181.csv"
industrial,"C/C25 Manufacture of fabricated metal products, except machinery and equipment/U195.csv"
industrial,"C/C25 Manufacture of fabricated metal products, except machinery and equipment/U157.csv"
industrial,"C/C25 Manufacture of fabricated metal products, except machinery and equipment/U194.csv"
industrial,"C/C25 Manufacture of fabricated metal products, except machinery and equipment/U180.csv"
industrial,"C/C25 Manufacture of fabricated metal products, except machinery and equipment/U184.csv"
industrial,"C/C25 Manufacture of fabricated metal products, except machinery and equipment/U190.csv"
industrial,"C/C25 Manufacture of fabricated metal products, except machinery and equipment/U191.csv"
industrial,"C/C25 Manufacture of fabricated metal products, except machinery and equipment/U185.csv"
industrial,"C/C25 Manufacture of fabricated metal products, except machinery and equipment/U193.csv"
industrial,"C/C25 Manufacture of fabricated metal products, except machinery and equipment/U187.csv"
industrial,"C/C25 Manufacture of fabricated metal products, except machinery and equipment/U178.csv"
industrial,"C/C25 Manufacture of fabricated metal products, except machinery and equipment/U179.csv"
industrial,"C/C25 Manufacture of fabricated metal products, except machinery and equipment/U186.csv"
industrial,"C/C25 Manufacture of fabricated metal products, except machinery and equipment/U192.csv"
industrial,C/C18 Printing and reproduction of recorded media/U63.csv
industrial,C/C18 Printing and reproduction of recorded media/U62.csv
industrial,C/C18 Printing and reproduction of recorded media/U66.csv
industrial,C/C18 Printing and reproduction of recorded media/U65.csv
industrial,C/C18 Printing and reproduction of recorded media/U64.csv
industrial,C/C22 Manufacture of rubber and plastics products/U96.csv
industrial,C/C22 Manufacture of rubber and plastics products/U82.csv
industrial,C/C22 Manufacture of rubber and plastics products/U69.csv
industrial,C/C22 Manufacture of rubber and plastics products/U83.csv
industrial,C/C22 Manufacture of rubber and plastics products/U97.csv
industrial,C/C22 Manufacture of rubber and plastics products/U81.csv
industrial,C/C22 Manufacture of rubber and plastics products/U95.csv
industrial,C/C22 Manufacture of rubber and plastics products/U94.csv
industrial,C/C22 Manufacture of rubber and plastics products/U80.csv
industrial,C/C22 Manufacture of rubber and plastics products/U84.csv
industrial,C/C22 Manufacture of rubber and plastics products/U90.csv
industrial,C/C22 Manufacture of rubber and plastics products/U91.csv
industrial,C/C22 Manufacture of rubber and plastics products/U85.csv
industrial,C/C22 Manufacture of rubber and plastics products/U93.csv
industrial,C/C22 Manufacture of rubber and plastics products/U87.csv
industrial,C/C22 Manufacture of rubber and plastics products/U78.csv
industrial,C/C22 Manufacture of rubber and plastics products/U79.csv
industrial,C/C22 Manufacture of rubber and plastics products/U86.csv
industrial,C/C22 Manufacture of rubber and plastics products/U92.csv
industrial,C/C22 Manufacture of rubber and plastics products/U74.csv
industrial,C/C22 Manufacture of rubber and plastics products/U75.csv
industrial,C/C22 Manufacture of rubber and plastics products/U88.csv
industrial,C/C22 Manufacture of rubber and plastics products/U77.csv
industrial,C/C22 Manufacture of rubber and plastics products/U76.csv
industrial,C/C22 Manufacture of rubber and plastics products/U89.csv
industrial,C/C22 Manufacture of rubber and plastics products/U99.csv
industrial,C/C22 Manufacture of rubber and plastics products/U72.csv
industrial,C/C22 Manufacture of rubber and plastics products/U73.csv
industrial,C/C22 Manufacture of rubber and plastics products/U98.csv
industrial,C/C22 Manufacture of rubber and plastics products/U71.csv
industrial,C/C22 Manufacture of rubber and plastics products/U70.csv
industrial,C/C20 Manufacture of chemicals and chemical products/U67.csv
industrial,C/C32 Other manufacturing/U249.csv
industrial,C/C32 Other manufacturing/U254.csv
industrial,C/C32 Other manufacturing/U252.csv
industrial,C/C32 Other manufacturing/U253.csv
industrial,C/C32 Other manufacturing/U251.csv
industrial,C/C32 Other manufacturing/U250.csv
industrial,"D/D35 Electricity, gas, steam and air conditioning supply/U256.csv"
commercial,Q/Q86 Human health activities/U381.csv
commercial,Q/Q86 Human health activities/U382.csv
commercial,Q/Q87 Residential care activities/U383.csv
commercial,Q/Q87 Residential care activities/U384.csv
industrial,E/E37 Sewerage/U258.csv
industrial,E/E37 Sewerage/U259.csv
industrial,E/E37 Sewerage/U257.csv
commercial,K/K66 Activities auxiliary to financial service and insurance activities/U298.csv
commercial,"K/K64 Financial service activities, except insurance and pension funding/U289.csv"
commercial,"K/K64 Financial service activities, except insurance and pension funding/U288.csv"
commercial,"K/K64 Financial service activities, except insurance and pension funding/U283.csv"
commercial,"K/K64 Financial service activities, except insurance and pension funding/U297.csv"
commercial,"K/K64 Financial service activities, except insurance and pension funding/U296.csv"
commercial,"K/K64 Financial service activities, except insurance and pension funding/U282.csv"
commercial,"K/K64 Financial service activities, except insurance and pension funding/U294.csv"
commercial,"K/K64 Financial service activities, except insurance and pension funding/U281.csv"
commercial,"K/K64 Financial service activities, except insurance and pension funding/U295.csv"
commercial,"K/K64 Financial service activities, except insurance and pension funding/U291.csv"
commercial,"K/K64 Financial service activities, except insurance and pension funding/U285.csv"
commercial,"K/K64 Financial service activities, except insurance and pension funding/U284.csv"
commercial,"K/K64 Financial service activities, except insurance and pension funding/U290.csv"
commercial,"K/K64 Financial service activities, except insurance and pension funding/U286.csv"
commercial,"K/K64 Financial service activities, except insurance and pension funding/U292.csv"
commercial,"K/K64 Financial service activities, except insurance and pension funding/U293.csv"
commercial,"K/K64 Financial service activities, except insurance and pension funding/U287.csv"
commercial,L/L68 Real estate activities/U349.csv
commercial,L/L68 Real estate activities/U348.csv
commercial,L/L68 Real estate activities/U329.csv
commercial,L/L68 Real estate activities/U315.csv
commercial,L/L68 Real estate activities/U301.csv
commercial,L/L68 Real estate activities/U300.csv
commercial,L/L68 Real estate activities/U314.csv
commercial,L/L68 Real estate activities/U328.csv
commercial,L/L68 Real estate activities/U302.csv
commercial,L/L68 Real estate activities/U316.csv
commercial,L/L68 Real estate activities/U317.csv
commercial,L/L68 Real estate activities/U303.csv
commercial,L/L68 Real estate activities/U307.csv
commercial,L/L68 Real estate activities/U313.csv
commercial,L/L68 Real estate activities/U299.csv
commercial,L/L68 Real estate activities/U312.csv
commercial,L/L68 Real estate activities/U306.csv
commercial,L/L68 Real estate activities/U310.csv
commercial,L/L68 Real estate activities/U304.csv
commercial,L/L68 Real estate activities/U338.csv
commercial,L/L68 Real estate activities/U339.csv
commercial,L/L68 Real estate activities/U305.csv
commercial,L/L68 Real estate activities/U311.csv
commercial,L/L68 Real estate activities/U308.csv
commercial,L/L68 Real estate activities/U334.csv
commercial,L/L68 Real estate activities/U320.csv
commercial,L/L68 Real estate activities/U321.csv
commercial,L/L68 Real estate activities/U335.csv
commercial,L/L68 Real estate activities/U309.csv
commercial,L/L68 Real estate activities/U323.csv
commercial,L/L68 Real estate activities/U337.csv
commercial,L/L68 Real estate activities/U336.csv
commercial,L/L68 Real estate activities/U322.csv
commercial,L/L68 Real estate activities/U326.csv
commercial,L/L68 Real estate activities/U332.csv
commercial,L/L68 Real estate activities/U333.csv
commercial,L/L68 Real estate activities/U327.csv
commercial,L/L68 Real estate activities/U331.csv
commercial,L/L68 Real estate activities/U325.csv
commercial,L/L68 Real estate activities/U319.csv
commercial,L/L68 Real estate activities/U318.csv
commercial,L/L68 Real estate activities/U324.csv
commercial,L/L68 Real estate activities/U330.csv
commercial,L/L68 Real estate activities/U343.csv
commercial,L/L68 Real estate activities/U342.csv
commercial,L/L68 Real estate activities/U340.csv
commercial,L/L68 Real estate activities/U341.csv
commercial,L/L68 Real estate activities/U345.csv
commercial,L/L68 Real estate activities/U351.csv
commercial,L/L68 Real estate activities/U350.csv
commercial,L/L68 Real estate activities/U344.csv
commercial,L/L68 Real estate activities/U352.csv
commercial,L/L68 Real estate activities/U346.csv
commercial,L/L68 Real estate activities/U347.csv
commercial,P/P85 Education/U376.csv
commercial,P/P85 Education/U377.csv
commercial,P/P85 Education/U375.csv
commercial,P/P85 Education/U380.csv
commercial,P/P85 Education/U379.csv
commercial,P/P85 Education/U378.csv
